filename,pixel_number,retrieved_aod,truth_aod,latitude,longitude
ss450-g5nr.leV120.GRASP.example_20060808_1800Z.polarimeter07.20060808_1800z_RETRIEVED.nc4,488,4.9296,0.3517370820045471,16.018,-71.073
ss450-g5nr.leV120.GRASP.example_20060808_1800Z.polarimeter07.20060808_1800z_RETRIEVED.nc4,489,4.7839,0.34795477986335754,16.018,-71.073
ss450-g5nr.leV120.GRASP.example_20060808_1800Z.polarimeter07.20060808_1800z_RETRIEVED.nc4,490,4.5361,0.3457096219062805,16.018,-71.073
ss450-g5nr.leV120.GRASP.example_20060801_0300Z.polarimeter07.20060801_0300z_RETRIEVED.nc4,6040,4.8966,0.3966575860977173,20.8701,143.197
ss450-g5nr.leV120.GRASP.example_20060801_0300Z.polarimeter07.20060801_0300z_RETRIEVED.nc4,6041,4.5522,0.3958907127380371,20.8701,143.197
ss450-g5nr.leV120.GRASP.example_20060801_0300Z.polarimeter07.20060801_0300z_RETRIEVED.nc4,6042,4.2738,0.3948003649711609,20.8701,143.197
ss450-g5nr.leV120.GRASP.example_20060801_0300Z.polarimeter07.20060801_0300z_RETRIEVED.nc4,6112,5.6311,0.3998185396194458,21.4425,143.0758
ss450-g5nr.leV120.GRASP.example_20060801_0300Z.polarimeter07.20060801_0300z_RETRIEVED.nc4,6113,5.1943,0.3994626998901367,21.4425,143.0758
ss450-g5nr.leV120.GRASP.example_20060801_0300Z.polarimeter07.20060801_0300z_RETRIEVED.nc4,6114,4.8072,0.39899200201034546,21.4425,143.0758
ss450-g5nr.leV120.GRASP.example_20060801_0300Z.polarimeter07.20060801_0300z_RETRIEVED.nc4,6120,5.92,0.3743929862976074,21.5061,143.0623
ss450-g5nr.leV120.GRASP.example_20060801_0300Z.polarimeter07.20060801_0300z_RETRIEVED.nc4,6121,5.448,0.3739610016345978,21.5061,143.0623
ss450-g5nr.leV120.GRASP.example_20060801_0300Z.polarimeter07.20060801_0300z_RETRIEVED.nc4,6122,5.0058,0.37336963415145874,21.5061,143.0623
ss450-g5nr.leV120.GRASP.example_20060801_0300Z.polarimeter07.20060801_0300z_RETRIEVED.nc4,6128,5.3631,0.4117901027202606,21.5697,143.0488
ss450-g5nr.leV120.GRASP.example_20060801_0300Z.polarimeter07.20060801_0300z_RETRIEVED.nc4,6129,4.9565,0.4114001393318176,21.5697,143.0488
ss450-g5nr.leV120.GRASP.example_20060801_0300Z.polarimeter07.20060801_0300z_RETRIEVED.nc4,6130,4.6123,0.41088682413101196,21.5697,143.0488
ss450-g5nr.leV120.GRASP.example_20060801_0300Z.polarimeter07.20060801_0300z_RETRIEVED.nc4,6136,6.0241,0.4169522523880005,21.6333,143.0352
ss450-g5nr.leV120.GRASP.example_20060801_0300Z.polarimeter07.20060801_0300z_RETRIEVED.nc4,6137,5.5462,0.4165882468223572,21.6333,143.0352
ss450-g5nr.leV120.GRASP.example_20060801_0300Z.polarimeter07.20060801_0300z_RETRIEVED.nc4,6138,5.0614,0.4161090850830078,21.6333,143.0352
ss450-g5nr.leV120.GRASP.example_20060801_0300Z.polarimeter07.20060801_0300z_RETRIEVED.nc4,6144,5.8004,0.38010090589523315,21.6969,143.0217
ss450-g5nr.leV120.GRASP.example_20060801_0300Z.polarimeter07.20060801_0300z_RETRIEVED.nc4,6145,5.3359,0.3797461688518524,21.6969,143.0217
ss450-g5nr.leV120.GRASP.example_20060801_0300Z.polarimeter07.20060801_0300z_RETRIEVED.nc4,6146,4.9284,0.3792504072189331,21.6969,143.0217
ss450-g5nr.leV120.GRASP.example_20060801_0300Z.polarimeter07.20060801_0300z_RETRIEVED.nc4,6160,5.8911,0.40887022018432617,21.8241,142.9946
ss450-g5nr.leV120.GRASP.example_20060801_0300Z.polarimeter07.20060801_0300z_RETRIEVED.nc4,6161,5.4062,0.40846991539001465,21.8241,142.9946
ss450-g5nr.leV120.GRASP.example_20060801_0300Z.polarimeter07.20060801_0300z_RETRIEVED.nc4,6162,5.002,0.4079713821411133,21.8241,142.9946
ss450-g5nr.leV120.GRASP.example_20060801_0300Z.polarimeter07.20060801_0300z_RETRIEVED.nc4,6168,5.3718,0.42148077487945557,21.8877,142.9811
ss450-g5nr.leV120.GRASP.example_20060801_0300Z.polarimeter07.20060801_0300z_RETRIEVED.nc4,6169,4.969,0.4210650622844696,21.8877,142.9811
ss450-g5nr.leV120.GRASP.example_20060801_0300Z.polarimeter07.20060801_0300z_RETRIEVED.nc4,6170,4.6487,0.4204941391944885,21.8877,142.9811
ss450-g5nr.leV120.GRASP.example_20060813_1600Z.polarimeter07.20060813_1600z_RETRIEVED.nc4,4888,10.937,0.47275644540786743,19.0679,-48.4581
ss450-g5nr.leV120.GRASP.example_20060813_1600Z.polarimeter07.20060813_1600z_RETRIEVED.nc4,4889,10.123,0.46774154901504517,19.0679,-48.4581
ss450-g5nr.leV120.GRASP.example_20060813_1600Z.polarimeter07.20060813_1600z_RETRIEVED.nc4,4890,9.2393,0.46602463722229004,19.0679,-48.4581
ss450-g5nr.leV120.GRASP.example_20060813_1600Z.polarimeter07.20060813_1600z_RETRIEVED.nc4,4891,6.6355,0.4628968834877014,19.0679,-48.4581
ss450-g5nr.leV120.GRASP.example_20060813_1600Z.polarimeter07.20060813_1600z_RETRIEVED.nc4,4892,5.3391,0.45934367179870605,19.0679,-48.4581
ss450-g5nr.leV120.GRASP.example_20060813_1900Z.polarimeter07.20060813_1900z_RETRIEVED.nc4,6392,5.0472,0.5020783543586731,13.9923,-94.1801
ss450-g5nr.leV120.GRASP.example_20060813_1900Z.polarimeter07.20060813_1900z_RETRIEVED.nc4,6393,4.5814,0.5013737678527832,13.9923,-94.1801
ss450-g5nr.leV120.GRASP.example_20060813_1900Z.polarimeter07.20060813_1900z_RETRIEVED.nc4,6394,4.09,0.5003442764282227,13.9923,-94.1801
ss450-g5nr.leV120.GRASP.example_20060813_1900Z.polarimeter07.20060813_1900z_RETRIEVED.nc4,6464,5.5372,0.3928915560245514,14.565,-94.2951
ss450-g5nr.leV120.GRASP.example_20060813_1900Z.polarimeter07.20060813_1900z_RETRIEVED.nc4,6465,5.0988,0.3915570378303528,14.565,-94.2951
ss450-g5nr.leV120.GRASP.example_20060813_1900Z.polarimeter07.20060813_1900z_RETRIEVED.nc4,6466,4.6707,0.3895598351955414,14.565,-94.2951
ss450-g5nr.leV120.GRASP.example_20060803_0400Z.polarimeter07.20060803_0400z_RETRIEVED.nc4,5064,5.5632,0.4014595150947571,28.0314,136.8953
ss450-g5nr.leV120.GRASP.example_20060803_0400Z.polarimeter07.20060803_0400z_RETRIEVED.nc4,5065,5.1212,0.40059494972229004,28.0314,136.8953
ss450-g5nr.leV120.GRASP.example_20060803_0400Z.polarimeter07.20060803_0400z_RETRIEVED.nc4,5066,4.7449,0.39936280250549316,28.0314,136.8953
ss450-g5nr.leV120.GRASP.example_20060803_0400Z.polarimeter07.20060803_0400z_RETRIEVED.nc4,5072,5.3995,0.4401036500930786,28.095,136.8808
ss450-g5nr.leV120.GRASP.example_20060803_0400Z.polarimeter07.20060803_0400z_RETRIEVED.nc4,5073,4.9908,0.4391669034957886,28.095,136.8808
ss450-g5nr.leV120.GRASP.example_20060803_0400Z.polarimeter07.20060803_0400z_RETRIEVED.nc4,5074,4.6671,0.4378930628299713,28.095,136.8808
ss450-g5nr.leV120.GRASP.example_20060902_1900Z.polarimeter07.20060902_1900z_RETRIEVED.nc4,7152,4.6416,0.4094700217247009,12.625,-94.4551
ss450-g5nr.leV120.GRASP.example_20060902_1900Z.polarimeter07.20060902_1900z_RETRIEVED.nc4,7153,4.3153,0.4087831974029541,12.625,-94.4551
ss450-g5nr.leV120.GRASP.example_20060902_1900Z.polarimeter07.20060902_1900z_RETRIEVED.nc4,7154,4.0268,0.40785396099090576,12.625,-94.4551
ss450-g5nr.leV120.GRASP.example_20060905_2100Z.polarimeter07.20060905_2100z_RETRIEVED.nc4,4264,5.5209,0.4061323404312134,12.9199,-113.2984
ss450-g5nr.leV120.GRASP.example_20060905_2100Z.polarimeter07.20060905_2100z_RETRIEVED.nc4,4265,5.078,0.4053943157196045,12.9199,-113.2984
ss450-g5nr.leV120.GRASP.example_20060905_2100Z.polarimeter07.20060905_2100z_RETRIEVED.nc4,4266,4.6756,0.4043450653553009,12.9199,-113.2984
ss450-g5nr.leV120.GRASP.example_20060905_2100Z.polarimeter07.20060905_2100z_RETRIEVED.nc4,4272,5.4932,0.4108666777610779,12.9835,-113.3111
ss450-g5nr.leV120.GRASP.example_20060905_2100Z.polarimeter07.20060905_2100z_RETRIEVED.nc4,4273,5.0682,0.41014885902404785,12.9835,-113.3111
ss450-g5nr.leV120.GRASP.example_20060905_2100Z.polarimeter07.20060905_2100z_RETRIEVED.nc4,4274,4.6695,0.4091166853904724,12.9835,-113.3111
ss450-g5nr.leV120.GRASP.example_20060905_2100Z.polarimeter07.20060905_2100z_RETRIEVED.nc4,4328,5.2916,0.4302782714366913,13.4293,-113.4
ss450-g5nr.leV120.GRASP.example_20060905_2100Z.polarimeter07.20060905_2100z_RETRIEVED.nc4,4329,4.8824,0.4299009144306183,13.4293,-113.4
ss450-g5nr.leV120.GRASP.example_20060905_2100Z.polarimeter07.20060905_2100z_RETRIEVED.nc4,4330,4.547,0.4294276833534241,13.4293,-113.4
ss450-g5nr.leV120.GRASP.example_20060905_2100Z.polarimeter07.20060905_2100z_RETRIEVED.nc4,4336,4.35,0.45504963397979736,13.493,-113.4128
ss450-g5nr.leV120.GRASP.example_20060905_2100Z.polarimeter07.20060905_2100z_RETRIEVED.nc4,4337,4.117,0.454598993062973,13.493,-113.4128
ss450-g5nr.leV120.GRASP.example_20060905_2100Z.polarimeter07.20060905_2100z_RETRIEVED.nc4,4944,4.6172,0.38184550404548645,18.3323,-114.3949
ss450-g5nr.leV120.GRASP.example_20060905_2100Z.polarimeter07.20060905_2100z_RETRIEVED.nc4,4945,4.285,0.38105493783950806,18.3323,-114.3949
ss450-g5nr.leV120.GRASP.example_20060905_2100Z.polarimeter07.20060905_2100z_RETRIEVED.nc4,4946,4.011,0.3799527883529663,18.3323,-114.3949
ss450-g5nr.leV120.GRASP.example_20060905_2100Z.polarimeter07.20060905_2100z_RETRIEVED.nc4,4952,4.6122,0.3921228349208832,18.3959,-114.408
ss450-g5nr.leV120.GRASP.example_20060905_2100Z.polarimeter07.20060905_2100z_RETRIEVED.nc4,4953,4.279,0.3914192318916321,18.3959,-114.408
ss450-g5nr.leV120.GRASP.example_20060905_2100Z.polarimeter07.20060905_2100z_RETRIEVED.nc4,4954,4.002,0.3904452919960022,18.3959,-114.408
ss450-g5nr.leV120.GRASP.example_20060905_2100Z.polarimeter07.20060905_2100z_RETRIEVED.nc4,4960,4.2763,0.41758981347084045,18.4596,-114.4212
ss450-g5nr.leV120.GRASP.example_20060908_2200Z.polarimeter07.20060908_2200z_RETRIEVED.nc4,7280,5.4222,0.42639780044555664,11.6235,-131.8257
ss450-g5nr.leV120.GRASP.example_20060908_2200Z.polarimeter07.20060908_2200z_RETRIEVED.nc4,7281,4.9933,0.42596539855003357,11.6235,-131.8257
ss450-g5nr.leV120.GRASP.example_20060908_2200Z.polarimeter07.20060908_2200z_RETRIEVED.nc4,7282,4.6427,0.42542213201522827,11.6235,-131.8257
ss450-g5nr.leV120.GRASP.example_20060908_2200Z.polarimeter07.20060908_2200z_RETRIEVED.nc4,7336,4.2672,0.4494227170944214,12.0693,-131.914
ss450-g5nr.leV120.GRASP.example_20060908_2200Z.polarimeter07.20060908_2200z_RETRIEVED.nc4,7337,4.0398,0.44912832975387573,12.0693,-131.914
ss450-g5nr.leV120.GRASP.example_20060903_2000Z.polarimeter07.20060903_2000z_RETRIEVED.nc4,7520,4.9912,0.42448514699935913,15.1666,-109.0185
ss450-g5nr.leV120.GRASP.example_20060903_2000Z.polarimeter07.20060903_2000z_RETRIEVED.nc4,7521,4.657,0.42410561442375183,15.1666,-109.0185
ss450-g5nr.leV120.GRASP.example_20060903_2000Z.polarimeter07.20060903_2000z_RETRIEVED.nc4,7522,4.3736,0.4235835671424866,15.1666,-109.0185
ss450-g5nr.leV120.GRASP.example_20060903_2000Z.polarimeter07.20060903_2000z_RETRIEVED.nc4,7544,4.6264,0.4128924012184143,15.3577,-109.0571
ss450-g5nr.leV120.GRASP.example_20060903_2000Z.polarimeter07.20060903_2000z_RETRIEVED.nc4,7545,4.3729,0.4124390482902527,15.3577,-109.0571
ss450-g5nr.leV120.GRASP.example_20060903_2000Z.polarimeter07.20060903_2000z_RETRIEVED.nc4,7546,4.1219,0.4118202328681946,15.3577,-109.0571
ss450-g5nr.leV120.GRASP.example_20060302_0900Z.polarimeter07.20060302_0900z_RETRIEVED.nc4,6560,4.0152,0.38924187421798706,-9.2204,64.4427
ss450-g5nr.leV120.GRASP.example_20060309_0000Z.polarimeter07.20060309_0000z_RETRIEVED.nc4,8184,4.8486,0.422908216714859,6.53,-163.1981
ss450-g5nr.leV120.GRASP.example_20060309_0000Z.polarimeter07.20060309_0000z_RETRIEVED.nc4,8185,4.481,0.4228331446647644,6.53,-163.1981
ss450-g5nr.leV120.GRASP.example_20060309_0000Z.polarimeter07.20060309_0000z_RETRIEVED.nc4,8186,4.2013,0.42275166511535645,6.53,-163.1981
ss450-g5nr.leV120.GRASP.example_20060310_0700Z.polarimeter07.20060310_0700z_RETRIEVED.nc4,8216,5.0015,0.4516580402851105,7.3211,89.0804
ss450-g5nr.leV120.GRASP.example_20060310_0700Z.polarimeter07.20060310_0700z_RETRIEVED.nc4,8217,4.6104,0.4491708278656006,7.3211,89.0804
ss450-g5nr.leV120.GRASP.example_20060310_0700Z.polarimeter07.20060310_0700z_RETRIEVED.nc4,8218,4.2926,0.44559478759765625,7.3211,89.0804
ss450-g5nr.leV120.GRASP.example_20060310_0700Z.polarimeter07.20060310_0700z_RETRIEVED.nc4,8224,5.1631,0.46617984771728516,7.3848,89.068
ss450-g5nr.leV120.GRASP.example_20060310_0700Z.polarimeter07.20060310_0700z_RETRIEVED.nc4,8225,4.7369,0.4635099768638611,7.3848,89.068
ss450-g5nr.leV120.GRASP.example_20060310_0700Z.polarimeter07.20060310_0700z_RETRIEVED.nc4,8226,4.4254,0.45969098806381226,7.3848,89.068
ss450-g5nr.leV120.GRASP.example_20061206_0400Z.polarimeter07.20061206_0400z_RETRIEVED.nc4,3896,5.6613,5.7035932540893555,-41.5576,148.378
ss450-g5nr.leV120.GRASP.example_20061206_0400Z.polarimeter07.20061206_0400z_RETRIEVED.nc4,3897,5.3607,5.386965274810791,-41.5576,148.378
ss450-g5nr.leV120.GRASP.example_20061206_0400Z.polarimeter07.20061206_0400z_RETRIEVED.nc4,3898,4.9226,4.938621520996094,-41.5576,148.378
ss450-g5nr.leV120.GRASP.example_20061206_0400Z.polarimeter07.20061206_0400z_RETRIEVED.nc4,3904,5.3375,5.639454364776611,-41.4944,148.3595
ss450-g5nr.leV120.GRASP.example_20061206_0400Z.polarimeter07.20061206_0400z_RETRIEVED.nc4,3905,5.0575,5.312637805938721,-41.4944,148.3595
ss450-g5nr.leV120.GRASP.example_20061206_0400Z.polarimeter07.20061206_0400z_RETRIEVED.nc4,3906,4.6606,4.851102352142334,-41.4944,148.3595
ss450-g5nr.leV120.GRASP.example_20061212_0300Z.polarimeter07.20061212_0300z_RETRIEVED.nc4,5400,4.1925,5.503611087799072,-34.1054,155.5429
ss450-g5nr.leV120.GRASP.example_20061212_0300Z.polarimeter07.20061212_0300z_RETRIEVED.nc4,5408,4.5514,5.89284610748291,-34.042,155.527
ss450-g5nr.leV120.GRASP.example_20061212_0300Z.polarimeter07.20061212_0300z_RETRIEVED.nc4,5409,4.2126,5.488434314727783,-34.042,155.527
ss450-g5nr.leV120.GRASP.example_20061212_0300Z.polarimeter07.20061212_0300z_RETRIEVED.nc4,5416,4.3363,5.647276878356934,-33.9787,155.511
ss450-g5nr.leV120.GRASP.example_20061212_0300Z.polarimeter07.20061212_0300z_RETRIEVED.nc4,5417,4.0452,5.259940147399902,-33.9787,155.511
ss450-g5nr.leV120.GRASP.example_20061212_0300Z.polarimeter07.20061212_0300z_RETRIEVED.nc4,5424,4.1088,4.926444053649902,-33.9154,155.4952
